,Brand,Headline,Review,Grade
0,aurore market,Articles endommag√©s lors du transport,,3
1,aurore market,tr√®s bien,"tr√®s bien, continuons ensemble avec la fourche ...",5
2,aurore market,Grand choix de produits de qualit√©,"Grand choix de produits de qualit√©, livraison rapide. Je recommande.",5
3,aurore market,Offres sur des produits en grande‚Ä¶,Offres sur des produits en grande quantit√© int√©ressantes,4
4,aurore market,Grands choix de produits de qualit√©s‚Ä¶,"Grands choix de produits de qualit√©s sauf que derni√®rement il y a beaucoup de produits qui ne sont plus vendus et ce sont ceux qui m'int√©resse le plus, √† force de supprimer des produits, il n'y aura plus d'int√©r√™t de s'abonner car pas de rempla√ßement, ce qui est dommage. Les bouteilles d'huiles d'olive de 3 litres Aurore market par exemple entre autres.",4
5,aurore market,Impossible √† me connecter,"Impossible √† me connecter, le site est en maintenance, impossible √† joindre l'√©quipe par t√©l√©phone",1
6,aurore market,Comme habitude vos produits sont‚Ä¶,"Comme habitude vos produits sont d√©licieux, mais il y tellement d'articles que je ne trouve plus. Lait d‚Äôavoine, riz des 5 vall√©es, cranberries en vrac et d'autres; r√©cemment le boisson limonade/gingembre mmmmm......",5
7,aurore market,Produits de tr√®s bonne qualit√© et‚Ä¶,Produits de tr√®s bonne qualit√© et livraison parfaite,5
8,aurore market,Probl√®me de livraison,"Je suis tout √† fait satisfaite de vos services et de votre rapidit√© de r√©ponse lorsque j'ai un probl√®me avec mes commandes.En revanche, je vais h√©siter √† recommander √† cause du service de livraison. Par 2 fois ma commande √©tait ab√Æm√©e (sachets de chips ouverts et bocaux cass√©s). Ma derni√®re commande a mis presque 15 jours √† arriver au point relais. Donc un gros b√©mol pour votre livreur DPD.√Ä noter aussi que beaucoup de produits ne sont pas disponibles, voir indisponible apr√®s paiement.",3
9,aurore market,Rapide Bien emball√©,,4
10,aurore market,tr√®s contente des produits et du service,site internet bien fait avec beaucoup de bons produits et emballage efficace,5
11,aurore market,Tr√®s r√©actif,Tr√®s r√©actif. Je recommande. Bonne qualit√© des produits.,5
12,aurore market,Toujours un plaisir de commander sur le‚Ä¶,Toujours un plaisir de commander sur le site Aurore market,5
13,aurore market,Une √©quipe toujours au top,"Une √©quipe toujours au top. Je souligne quelque chose d'essentiel : alors qu'en ce moment, chacun y va de sa petite (ou grosse augmentation), Aurore Market fait son maximum pour maintenir les prix. Ca doit demander une sacr√©e logistique mais c'est vraiment dans ces moments l√† qu'on voit que la volont√© de cette entreprise de rendre le bio accessible √† tous est bien r√©el.",5
14,aurore market,Service client r√©actif !,,5
15,aurore market,Je suis toujours contente des produits‚Ä¶,Je suis toujours contente des produits et de la livraison d'Aurore Market,5
16,aurore market,Tr√®s bons produits,"Tr√®s bons produits,  service rapide , colis parfaitement adapt√© et bonne livraison",5
17,aurore market,Une r√©f√©rence pour les courses bio,"Super rapide, choix relativement large et service client r√©actif !",5
18,aurore market,Rien √† dire toujours contente de mon‚Ä¶,Rien √† dire toujours contente de mon colis livreur tr√® simpat le seul  souci ces que je   trouve pas tout mais sa dois √™tre √† cause des √©v√®nements j'esp√®re  pouvoirs refaire une commende prochainement,5
19,aurore market,Livraison rapide et prix serr√©s,,5
20,just eat,Commandes annul√©es mais factur√©es,"Plusieurs commandes annul√©es au bout d'une heure d'attente, vous √™tes tout de m√™me pr√©lev√©s. Je d√©sinstalle l'appli et ne recommanderai plus chez eux.",1
21,just eat,Un plat jamais livr√© mais pay√© par moi,"Un plat jamais livr√© mais pay√© par moi. Jamais rembours√© : malgr√© plusieurs messages, jamais de r√©ponse. Just Eat une plateforme dont il faut se m√©fier √† tout prix. A √©viter !!!!!",1
22,just eat,Vol sous commande,"En fait, la note est 0 √©toile. Just Eat, depuis le confinement, n'est plus ce qu'il √©tait : plus de salari√©s disponibles au t√©l, des commandes livr√©es avec constamment des soucis, plus de remboursement express d√®s soucis de livraison, ... A ce jour, deux commandes, deux produits qui manquent et aucun retour donn√©. Cela porte juste un nom : le vol.",1
23,just eat,J'ai supprim√© mon compte,"J'ai supprim√© mon compte Du vol sur ma carte pour une pizza livr√©e que je n'ai jamais command√©! Je n'√©tais pas chez moi je ne l'avais pas dans mes commandes r√©ponse de Just Eat pour nous elle a √©t√© livree ! Ensuite plusieurs commandes annul√©es au dernier moment ou produit arriv√© en catastrophe mauvais √©tat apr√®s plus d'une heure de retard je laisse tomber, leurs livreurs sont non professionnel je pr√©f√®re prendre ma voiture et aller r√©cup√©rer mes produits moi m√™me cest plus s√ªr, just eat plus jamais, √† fuir!!!",1
24,just eat,Commande pass√©e et debid√© jamais livr√©e,"Commande pass√©e et debid√©, bien √©videment livreur jamais pass√© et je re√ßois un mail alors que je suis sortie devant ma porte pour √™tre sur de le r√©ceptionn√© parce que j'avais mis la note de ne pas sonn√©, comme quoi le livreur a tenter de me contacter et est parti... mensonge et au final je n'ai pas ma commande et je perd de l'argent, just est et son service client plus que inexisantant car injoignable et ne r√©pond pas au mail de r√©clamation Ma commande est le EN1KVJ, just eat √† fuireeeeee",1
25,just eat,Pire plateforme de livraison,"Pire plateforme de livraison. Je vous explique, c'est tout simplement une prise d'otage. A partir du moment o√π vous avez pay√©, il n'y a plus aucun moyen de faire valoir ses droits. Et cela m√™me si vous n'avez jamais √©t√© livr√© XD !!Le livreur ne vient pas, Just Eat vous r√©pondra que si si, il est venu et que vous n'√©tiez pas chez vous !Vous allez commander et ne rien recevoir et aucune possibilit√© de se plaindre. Alors s'il manque qqch dans votre commande contrairement √† Uber qui r√®gle le soucis en 5 min, l√† ils s'en foutent. XDJe vous jure je pensais pas que c'√©tait possible....",1
26,just eat,√Ä lire les avis je ne peux que‚Ä¶,"√Ä lire les avis je ne peux que compl√©ter ! M√™me histoire , une commande de pizza jamais livr√©e le restaurateur me dit de faire une r√©clamation √† Just Eat qui √©videmment ne r√©ponds pas ! J‚Äôai √©t√© pr√©lev√© de 39‚Ç¨99 pour une livraison qui n‚Äôa jamais √©t√© honor√©e cela dit j‚Äôai aussi fait un signalement aupr√®s de signal conso ! Affaire √† suivre",1
27,just eat,Catastrophique !,"Catastrophique !Ma commande n'ayant pas √©t√© livr√©e, je r√©ussis √† joindre un intervenant sur just eat qui m'assure que je serai rembours√©e sous 15 jours, ayant eu affaire √† un livreur malveillant. 15 jours apr√®s, n'ayant rien re√ßu, j'essaie de rappeler, mais sans succ√®s et j'envoie donc un mail √† 2 reprises pour r√©clamer mon remboursement.On me r√©pond que la commande a bien √©t√© livr√©e et que , par cons√©quent, je ne serai donc pas rembours√©. Scandaleux !Le passage par just eat me co√ªte donc 50 euros et une soir√©e o√π je n'ai pas pu d√Æner !",1
28,just eat,Service client en dessous de tout,Service client en dessous de tout. Une commande en attente de livraison depuis plus d'une heure et la femme du service client au t√©l√©phone vous engeule parce que vous √™tes m√©content....,1
29,just eat,Ils m ont vol√©,Ils m ont vol√©.  Ils affichent un achet√© un offert  au prix de deux plats  A la fin 1 seul plat  m √† √©t√© livr√©.  Pas de t√©l√©phone pour les contacter  . Seulement par mail et pas de remboursement  de leur part,1
30,just eat,Retard de 30min,"Retard de 30 minutes : livr√© √† 13h au lieu de 12h30 donc 30 minutes pour manger alors que j'ai pass√© commande √† 11h30. Je d√©conseille cette application si vous √™tes press√©. Pas d'excuse ou d'explication de la part du livreur, restaurant injoignable (pour le coup, ce n'est pas de la faute de Just Eat) et pas de possibilit√© de contacter le livreur",2
31,just eat,PIRE PLATEFORME,"Nous somme oblig√© de mettre des √©toiles car il faut consid√©rer que je n'en mets absolument AUCUNES !La pire plateforme en mati√®re de livraison √† domicile ou au travail ! Ne comptez pas d√©jeuner en esp√©rant gagner un peu de temps sur votre pause d√©j , consid√©rez simplement exercer un je√ªn intermittent !!! 1h30 pour recevoir une commande √† mon bureau! autant vous dire qu'elle a fini dans ma voiture √† peine rechauffable pour le soir vu certain produit comme un dessert compl√®tement fondu! PERSONNE  ne rembourse les code promo de 20% sont √©videmment inutilisables pour la fois d'apr√®s soit disant pour adoucir le dommage engendr√©. La politique de cette plateforme consiste √† litt√©ralement ""enc*ler"" les clients en toute conscience !Tout simplement INADMISSIBLE !!!",1
32,just eat,A ne pas recommander livraison 2h d'attente,"commande le dimanche 17/9/23 a 19h27mn livraison √† 21h25mn soit 2h d'attente et en plus tout √©tait froid.durant ces 2h, j'ai t√©l√©phon√© au restaurant qui m'a dit qu'il ne pouvait rien faire, j'ai t√©l√©phon√© au service client just eat qui m'a dit qu'il ne traitait pas les r√©clamations.Apr√®s la livraison,j'ai re√ßu un mail de just eat pour avoir mon avis que j'ai donn√© avec les termes ci-dessus et depuis pas une excuse  ni quoique ce soit.Je ne suis pas une adepte des livraisons √† domicile et ne referais plus jamais appel √† ce prestataire just eat .",1
33,just eat,A fuir üò°,"A fuir üò°Entre livr√© 3h de retard, des plats froids ou erron√©s.... de gros soucis avec cette plateformeLes prix sont √©lev√©s et les codes de r√©duction ne fonctionnent pas.Ils ne r√©pondent pas au tel, et les mails une catastrophe personne ne comprends la demande....",1
34,just eat,Pr√©vu pour 20h30,"Pr√©vu pour 20h30, toujours pas arriv√©‚Ä¶Inutile ‚Ä¶Il est 21h30, le gars est venu en marche arri√®re √† pied ‚Ä¶",1
35,just eat,Aucun moyen de contacter le service‚Ä¶,Aucun moyen de contacter le service client alors que l‚Äôaide en ligne est plus que lacunaire,1
36,just eat,livraizon pa correct,,2
37,just eat,Service client d√©plorable,"Service client d√©plorable, absolument pas fiable ,plusieurs commandes annul√©es apr√®s 1 h  d'attente sans √™tre avertis ! Mauvaise communication , certains partenaires ou restaurants ne correspondent pas aux adresses r√©elles sur Google,Deliveroo et Uber largement devant ,je ne recommande pas si vous voulez √™tre s√ªr d'√™tre livrer",1
38,just eat,Que des probl√®mes !,"Premi√®re commande : votre site internet ne met pas √† jour les commandes correctement, r√©sultat le livreur m'a engueul√©e comme quoi je n'√©tais pas pr√©sente alors que je l'√©tais. Deuxi√®me commande : j'attends 1h15 avant qu'on me dise ""il n'y a pas de livreur"" et service client au t√©l injoignable. Pour tous ces d√©sagr√©ments, 20% de r√©duction sur la prochaine commande, s√©rieux c'est tout ce que vous pouvez faire ? La prochaine fois √ßa sera sans moi.",1
39,just eat,D√©conseiller,Vraiment la pire enseigne de livraison de nourriture je commande par la plate-forme le service de localisation nous fait croire que la commande est en pr√©paration et que le livreur arrive alors que pas du tout la mise en relation du client avec le restaurant est juste catastrophique et les informations tr√®s mauvaises. Ils proposent des offres sur des plats qui ne sont pas sur la carte Je d√©conseille fortement,1
40,flunch,Aujourd'hui hui flunch clermont‚Ä¶,"Aujourd'hui hui flunch clermont ferrand. Jambon braise une catastrophe, il ne restait que le talon qui devait √™tre cuit depuis 8 jours. Immengable dur, sec et la sauce vieille aussi. Les frites froides et les endives brais√©es crues et froides. Une catastrophe,  pas beaucoup de monde mais je comprends car la qualit√© n est pas au rendez vous.",1
41,flunch,Vol et incomp√©tence,"Nous avons command√© chez Flunch Traiteur notre r√©veillon du 31 d√©cembre 2023, et avons bien re√ßu une confirmation de notre commande.Nous nous sommes pr√©sent√© le 31 d√©cembre, √† l'heure pr√©vue, mais le restaurant √©tait ferm√©..Le lendemain, une femme au t√©l√©phone nous dit qu'ils n'avaient pas re√ßu la commande du service central..Au 14 janvier nous n'avons toujours pas √©t√© rembours√©e, et une nouvelle personne eu au t√©l√©phone de notaire de nous, en disant qu'elle va passer le message.. dans m√™me prendre notre nom ni num√©ro de t√©l√©phone.... On se moque du monde !",1
42,flunch,J‚Äôai d√©jeun√© chez flunch ce midi‚Ä¶,"J‚Äôai d√©jeun√© chez flunch ce midi Br√©tigny-sur-Orge avec ma petite fille de 2 ans, comment vous dire ma d√©ception au niveau de la qualit√© et du go√ªt des aliments alors oui je suis consciente que c‚Äôest pas bernard loiseau mais comme m√™me du riz blanc fade des haricots verts baignants dans leau et le jambon roti pas roti dailleurs mou √©coeurant servi avec une sauce √† la truffe industrielle immonde mince des aliments simples √† cuisiner les chefs vous devriez go√ªter ce que vous faites et server aux clients apr√®s le steak hach√© et pur√©e de lenfant ba n‚Äôen parlons pas et le restaurant en lui m√™me sale du sol aux tables l‚Äôair de jeux une honte faites des efforts faites des contr√¥les jai comme m√™me payer 21 euros",1
43,flunch,Une catastrophe,"Je m'y suis rendue le 28 d√©cembre pour d√©jeuner. Il n'y avait plus de frites, ne restaient que des choux de Bruxelles et des p√¢tes - beaucoup trop cuites. La viande √©tait bonne, mais froide d'avoir attendu trop longtemps √† cause d'un bipper qui ne fonctionnait pas.Ayant achet√© un jeton pour le caf√©, je n'ai pas pu me le faire rembourser quand j'ai chang√© d'avis et voulu prendre un caf√© gourmand √† la place. J'ai donc pay√© 2 caf√©s pour (comble de malchance) une machine √† caf√© qui n'avait plus de lait... Adieu le cappucino.",1
44,flunch,A fuir Flunch traiteur,"A fuir Flunch traiteur, une √©toile c est d√©j√† trop, sentiments de m √™tre fait arnaqu√©e, service r√©clamations non conciliante, me propose le m√™me produit alors que je suis d√©√ßu de celui ci, m√™me pas pr√©sentable pour mes convives. Et le go√ªt pas au rendez-vous. 27‚Ç¨ pour des miniatures choux. Honte a eux",1
45,flunch,Perte d‚Äôargent plus vomissements,Va falloir donner une bonne explication au 80 commentaires plus le mien qui mentionnent les 30 et plus minutes d‚Äôattentes pour un steak! Et 4 pas fait en m√™me temps Le restaurant est une pagaille les salari√©s ne savent plus quoi faire et s‚Äôexcusent ! C‚Äôest du n‚Äôimporte quoi Nous avons manger √† 4 √† des temps diff√©rents! Ma fille a vomis 3 h apr√®s mal de ventre naus√©e ect .... tenue deguelas pour se rendre √† un √©v√©nement ! Du coup journ√©e g√¢ch√©e avec 60  euros de perdu ! Des plats manquants sans avertir le consommateur ! Pour les enfants seulement boulette de poisson c‚Äôest inadmissible ! Plat adultes manquant! Desserts manquant ! Frite molle froide ! 10 mins apr√®s mettre servis ma viande flottait dans de l‚Äôeau dans mon assiette ( celle des l√©gumes ) ! Assiette o√π on m‚Äôa servit la viande sale le cuisinier nous a r√©pondu je suis pas √† la plonge c‚Äôest pas ma faute !!!! Une blague il change mon assiette suite √† ma remarque ! Coin enfant d√©cevant en plus payant ! Personnels rattrapent votre d√©sastre et nous payons pour jeter ! Au final on a rien manger √† part les enfants les boulettes de poissons frites qu‚Äôelle a revomit donc perte total de notre journ√©e! Ne r√©pondez pas que c‚Äôest le week-end ne r√©pondez pas que vous allez √©voluer changer car c‚Äôest pas vrai! Le but c‚Äôest pas de satisfaire le consommateur pour le coup c‚Äôest plut√¥t de faire du business dessus !,1
46,flunch,Pas tr√®s bon,"Je mes 1,5 √©toiles car je trouve que leur poisson  et les nuggets ( sont dures ) ne sont pas tr√®s bonne mon enfant a trouver sa "" d√©gueulasse "" et les bruit de cris des enfant sont insupportable mais leur cr√™pes sont moyennement bon",1
47,flunch,A fuir !!!,A fuir !!!!  Le service est degueulasse !!!! Rien a servir !!! Personnel qui crie devant la client√®le !!!!! Il nettoie table √† chauffer plat  pendant que les gens se servent au lieu de leFaire avant !!!!  C est degueullasse meme siPas cher c est pas une raison pr manger ds de la m‚Ä¶.Personnel incomp√©tent !!!!  A leur image,2
48,flunch,Tr√®s mauvaise exp√©rience . Tr√®s dangereux et manque de hygi√®ne,"Nous avions l'habitude d'y aller tr√®s fr√©quemment. Mais apr√®s leur rebranding, les choses ont chang√©. Ils ont maintenant un agent de s√©curit√© qui se prom√®ne autour des tables et fait un contact visuel avec les gens, rendant l'ambiance tr√®s d√©sagr√©able. On dirait que tout le monde √† la table est inspect√©. Il a √©t√© observ√© que certains membres du personnel et l‚Äôagent de s√©curit√© ne respectent pas les normes d'hygi√®ne. Par exemple, juste devant nous, ils ont ramass√© des fourchettes et des couteaux par terre et les ont m√©lang√©s avec d'autres 'propres'.Nous avons exprim√© nos inqui√©tudes √† ce sujet, mais le responsable est venu soutenir l'agent de s√©curit√© alors que ce dernier criait et tentait de nous agresser physiquement, moi-m√™me et ma femme enceinte, devant tout le monde.Nous avons signal√© cela √† la soci√©t√© de s√©curit√©, mais ils nous ont fait des intimidations et ont affirm√© que m√™me le responsable du restaurant les soutenait.L‚Äôagent lui m√™me aussi nous a menac√©.Nous avons √©galement signaler √† Flunch mais aucun r√©action de leur part.Une exp√©rience tr√®s n√©gative et c'est un endroit dangereux.",1
49,flunch,√Ä FUIR,"Plats affich√©s mais en rupture ( il n'est que 12h30). Prix exorbitant par rapport aux autres restaurants de la galerie ( carrefour Langueux).Personnel incomp√©tent. Caissi√®re de 17 ans qui nous dit d'aller faire la cuisine nous-m√™mes!  Responsable qui devrait changer de m√©tier car de toutes fa√ßons s'il persiste dans la restauration il n'aura jamais de travail. Ce m√™me responsable √©tant tr√®s agressif, nous avons pr√©f√©r√© laisser nos plateaux.. Bref le Flunch de Langueux est √† fuir !",1
50,flunch,Nous avons √©t√© manger au flunch de‚Ä¶,Nous avons √©t√© manger au flunch de Laval Les chef √©tait pas accueillant Les hamburgers √©tait froid Inadmissible,1
51,flunch,Prix devenu hallucinant,"Prix devenu hallucinant, ils sont √† la serviette pr√™te, en donne pas 1 de plus, qualit√© ne vaut plus le prix.... Vaut se faire un buffalo √ßa sera √† peine plus cher mais tellement meilleure",1
52,flunch,Flunch presque ouvert toute la journ√©e,"Flunch ouvert toute la journ√©e: envie de d√©jeuner sur le tard, buffets de desserts et salade bar dress√©, au moment de passer en caisse, on nous indique qu‚Äôil n‚Äôy a pas de plats chauds‚Ä¶. Avons fait demi tour et je comprends pourquoi l‚Äôenseigne est √† la peine",1
53,flunch,Ghoster Flunch,"Refuser l'acc√®s aux toilettes √† une femme enceinte sans consommation m√©rite que l'on boycotte Flunch, rue Beaubourg; C'est la mauvaise exp√©rience qui m'est arriv√© le 14 septembre 2023",1
54,flunch,Nous avions l'habitude d'y aller,"Nous avions l'habitude d'y aller , mais apr√®s un ans sans y avoir √©t√© , nous sommes all√©es au funch de Varennes dans le 77, Nous avons √©tait d√©√ßu car le personnels d√©sagr√©ables, repas m√©diocre et tr√®s peu de choix et bien trop  cher  , nous ne retournerons plus..;",1
55,flunch,les prix explosent,"non mais franchement √ßa va aller jusqu'o√π les prix chez flunch ? 1/4 de poulet √† 8,99 ( pour ne pas dire 9 e ) √ßa nous met le poulet entier √† 36 e en gros !!!! jambon √† la d√©coupe √† 9,99 e ( pour ne pas dire 10 e ) largement abus√© , si on prend une entr√©e et un dessert autant aller dans un restaurant o√π on sera servi.  flunch c'est termin√© les repas pas chers .... √† force de faire une envol√©e de prix , c'est les clients qui s'envolent , on voit la baisse importante de fr√©quentation , et on sait pourquoi.",1
56,flunch,Grosse incomp√©tence personnel d√©sagr√©able au service salle,"Nous nous sommes rendus au Flunch vendin le vieil dimanche 23 juillet.Apr√®s avoir mang√© notre entr√©e, nous sommes all√©s chercher notre plat en laissant sur la table les boissons (bi√®re et eau en bouteilles ) non ouverts,nos jetons caf√© ,les sp√©culos et le sucre.A notre retour tout avait √©t√© debarass√©, m√™me la table avait √©t√© prise pour en agrandir une pas tr√®s loin.Je vois un employ√© et lui explique le probl√®me, il me r√©pond qu'il ne s'occupe pas de d√©barrasser, pas agr√©able en plus, et nous sommes toujours l√† avec nos plateaux et sans table.Je l√®ve le ton,un responsable arrive, aucune excuse,il nous dit d'aller rechercher des boissons, je lui ai dit allez les chercher vous m√™me.Entre deux nous r√©cup√©rons nous m√™me notre table.Un autre monsieur nous apporte les deux boissons.Reste √† r√©cup√©rer verres,couverts.Je n'ai m√™me plus pens√© aux jetons de caf√© tellement j'√©tais surprise de ce qui c'√©tait pass√©.",1
57,flunch,Etant des sources du Nord par mes‚Ä¶Tout simplement pour se r√©galer,"Etant des sources du Nord par mes parents et ayant pass√© toutes mes vacances de jeunesse  ""√©t√©,  hiver"" dans le Nord et la Belgique je connais bien les plats comme les endives au jambon et bien sur les moules. Et la pr√©paration de cuisson est simple pour en exhausser le gout, ( Oignons hach√©, √©chalottes hach√©s en dernier sinon amer , faire colorer √† la po√™le , rajouter des carottes en petit batonnet ainsi que de l'ail, persil hach√© ou queue de persil, laurier ) vous avez aussi ces produits tout pr√™t en congel√©, reste un verre de vin blanc sec a rajouter. D√©poser les moules lorsque √ßa bout faire retourner les moules pour une cuisson uniforme lorsqu'elle sont ouverte attendre 1 minute en les retournant Gouter et c'est bon",1
58,flunch,une honte,"Ce soir, je suis all√©e au Flunch Villeneuve d'Ascq. J'y avais emmen√© ma soeur. Cela faisait des ann√©es que nous n'y √©tions pas all√©es. Nous avons command√© un beef bacon burger.Apr√®s un temps d'attente interminable, la personne au service nous a tendu une assiette dans laquelle il y avait: Un pain froid, garni d'un steak ridiculement fin, de la taille d'un menu enfant et froid √©galement. Le bacon √©tait quasi inexistant, c'√©tait un reste de bol, tout ayant √©t√© distribu√© aux personnes devant nous. ( et Il n'√©tait que 19H40)Nous pensions, √† tort, nous ""rattraper"" sur les l√©gumes: seules les frites, quoique suintant l'huile, √©taient ""mangeables"". Le reste des l√©gumes √©tait ti√®de et insipide.J'ai laiss√© les 3/4 de mon pain, ai mang√© ce ridicule steak, et qq frites grasses.Seule la San Pellegrino √©tait correcte, Pour 25,97 euros pour deux, √ßa fait cher la petite bouteille d'eau p√©tillante!Le clou du spectacle a quand m√™me √©t√© le long cheveu trouv√© dans mon hamburger.. Je suis partie de l√† d√©gout√©e !Tout de suite, j'ai pens√© vous √©crire pour vous faire part de mon m√©contentement. Sur le ticket de caisse, il est √©crit en grand ""donnez votre avis"", et bien le voil√†: Je n'en reviens toujours pas et me demande si je remettrai un jour les pieds chez vous.. un scandale!J'√©tais contente de retourner au Flunch, j'en suis revenue d√©√ßue au point de ne plus y retourner.",1
59,flunch,Tarif excessif,"Tarif excessif 13.99 euros une bavette avec l√©gumes √† volont√©.La qualit√© n est pas au rendez vousPour afficher ces prix, je veux bien mais il faut que le service suive et c est loin d etre le cas, nous sommes au m√™me niveau que l'avant covid mais des tarifs qui ont doubler dans certains cas : l assiette l√©gumes seul en 2018 : 3.95 euros, aujourd'hui c est 7 euros !!C est simple on pensait que flunch √©tait une cafetaria mais il affiche le tarif d un plat du jour dans un vrai resto.",1
60,dominos pizza,Z√âRO !,"0.Commande pass√©e avant 20h, 21h10 toujours rien puis commande indiqu√©e livr√©e √† 21h15 sans livraison ni aucune trace d‚Äôappel du livreur ou autre contact. Aucune r√©ponse au t√©l√©phone malgr√© 15 min de sonnerie dans le vide ! Honteux ! Scandaleux. C‚Äôest la deuxi√®me fois. Plus jamais ! Et en + le formulaire de r√©clamation en ligne ne fonctionne pas !",1
61,dominos pizza,Superb.,Superb.. pizzas incroyable. Beaucoup d'am√©lioration depuis l'ann√©e dernier.. vraiment trop bon et les personnels sont tr√®s amiable.Dommage j'en peux as mettre des photos.,5
62,dominos pizza,Livraison en retard de plus d'une‚Ä¶,"Livraison en retard de plus d'une heure. Un soi disant service client qui n'a aucune r√©ponse. Et les pizzas arrivent tr√®s tr√®s froides. Et pour couronner le tout, c'est mauvais !",1
63,dominos pizza,Domino's pizza gambetta de Nice,"Domino's pizza gambetta de Nice Pizzas peu garnis, tr√®s m√©diocre, pizza ch√®vre  miel (de petits morceaux par ci par l√†), pizza reine avec des champignons  en bo√Æte  ! avec de petits morceaux de jambon 1er prix minable, sauce tomate coulis de tomate, √©c≈ìurant.Je n'ai jamais mang√© d'aussi mauvaises pizza.",1
64,dominos pizza,Manuel d'un rat : Chapitre 1,"La d√©licate attention apport√©e √† mentir au client pour ne pas livrer sa commande et encore moins lui rembourser devrait suffire comme argument non ? La 1ere fois passe encore mais comme c‚Äôest la 2e , je pense que s‚Äôasseoir et partager aux autres √† son importance maintenant   ^_^Ayant connu peu de rats dans ma carri√®re dominos, je peux vous l‚Äôaffirmer : nous sommes dans les hautes sph√®res des Rats √† PALAISEAU. Et nous savons d√©j√† que rat ne remboursera jamais (mdrr)Ne r√™ver pas : aucun arrangement √† l‚Äôamiable n‚Äôest possible une fois votre argent vol√©. Et Mis√©ricorde √† celui qui a vol√©, car ce qu‚Äôon s√®me, on r√©coltera toujours.Mon conseil ? Allez dans celui d‚ÄôOrsay quelques minutes plus loin ^_^ , les portions y sont vraiment plus g√©n√©reuses et l‚Äôhumanit√© est pr√©sente.Quitte √† √™tre fid√®le, autant l‚Äô√™tre au bonne endroit :)De la part d‚Äôun habitu√© du coin.Have a nice day !PS : J'attends toujours mon appel et mon remboursement hein #saitonjamais",1
65,dominos pizza,Qualit√© douteuse,Les deux pizzas m√©diums √©taient tr√®s charg√©es en viandes mais n'inspir√©es pas confiance par leur couleur. Effectivement m√™me en bouche je n'avais pas le go√ªt attendu de la fra√Æcheur. Malade comme un chien toute la nuit √† rendre ma commande.... Experience qui me fait prendre la d√©cision de ne plus jamais commander √† cette enseigne !,1
66,dominos pizza,Tr√®s d√©√ßu de mon exp√©rience chez‚Ä¶de,"Tr√®s d√©√ßu de mon exp√©rience chez Domino's pizza Calais d'abord pour un sp√©cialiste de la pizza,3 ingr√©dients manquants jambon champignons et bacon, les principaux üòÇüòÇüòÇ remplac√© par d'autres ingr√©dients pour moi qui ont chang√© le go√ªt de ce que j'avais demand√© le geste commercial √©tait de rembourser ma commande donc termin√© Domino's",1
67,dominos pizza,D√©cevant,"Tr√®s d√©√ßue de ma commande de ce soir chez dominos. Une bacon groovy sans sauce barbecue et une peperoni party avec 3 rondelles de peperoni qui se courent apr√®s, vu le prix des pizzas c‚Äôest inacceptable!",2
68,dominos pizza,Il faut avoir faim demain  ‚Ä¶,"On aurait du lire avant de commander ‚Ä¶ Commande pass√©e √† 19h30 , il est 21h20 et toujours rien ‚Ä¶ j‚Äôappelle et la pas gentille dame me demande de la laisser parler et elle s‚Äôexcite toute seule‚Ä¶ aucune excuse , c‚Äôest la faute de la machine qui n‚Äôa pas sortie la commande‚Ä¶ aussi la faute du t√©l√©phone qui ne transmet pas nos appels pendant 1 heure‚Ä¶. Bref on √©vite absolument. Pour me remercier de mon attente, on me propose une boisson ‚Ä¶. Triste enseigne !",1
69,dominos pizza,100 ans pour livre une petite pizza‚Ä¶,"100 ans pour livre une petite pizza abuser , je commanderai plus",1
70,dominos pizza,√âquipe avec un super accueil pizza bien‚Ä¶,√âquipe avec un super accueil pizza bien charg√© contrairement √† d'autre pizzeria je recommande fortement dominos saint berthevin,5
71,dominos pizza,Le meilleur que j'ai d√©guster,"Le meilleur que j'ai d√©guster, merci",4
72,dominos pizza,Mauvais,Dominos pizza meaux 77100 √† √©viter aucun respect pour les clients commande pass√©e ce samedi 11 novembre √† 18h40 et √† r√©cup√©rer pour 19h45 commande pas pr√™te et cerise sur le g√¢teau l'insolence du personnel et plusieurs clients dans le m√™me cas,1
73,dominos pizza,Une tranquillit√©,"Une ambiance tranquille et une bonne nourriture, de quoi passer un bon moment avec ses amis",5
74,dominos pizza,Inadmissible,"Inadmissible, pizza r√©duite , et en plus la personne qu‚Äôon a eu au t√©l√©phone , qui soit disant fait les pizzas nous assure qu‚Äôelle n‚Äôont pas √©t√© r√©duite alors que entre 28 cm normalement et 22 cm maintenant ,ridicule . Celui qu‚Äôon a eu au bout du fil cris , mais on est o√π la, ils ont oublier que entre un m√©dium et une taille enfant il y a une grande diff√©rence , et que m√™me sous la pression un minimum de professionnalisme serait de vigueur.Et 40 minutes de retards.",1
75,dominos pizza,A FUIR. RESTAURANT INUTILE SANS INT√âR√äTS,"Oblig√©e de mettre 1 √©toile pour laisser un avis mais √ßa m√©rite un √©norme z√©ro point√©.Premi√®re exp√©rience et la derni√®re.La grosse blague du si√®cle. Pitoyable. Ah les photos du site elles sont belles mais la r√©alit√© c‚Äôest du grand n‚Äôimporte quoi. A croire que la nourriture a subit un gros crash a√©rien entre la photo et ce que j‚Äôai eu dans l‚Äôassiette. L√† c‚Äôest maman j‚Äôai r√©tr√©ci la bouffe. Deux pauvres frites qui se courent apr√®s, Buffalo wings manquants que j‚Äôattends toujours, oignons crus, pizza infecte‚Ä¶ je n‚Äôarrive m√™me pas √† comprendre comment la personne qui pr√©pare cette nourriture peut √™tre satisfaite du rendu et surtout vendre √ßa.La seule chose de remplie dans ma commande c‚Äôest la quantit√© de cartons pour emballer la nourriture.Allez manger ailleurs, Fuyezzzz.",1
76,dominos pizza,Super accueil et tr√®s agr√©able,"Super accueil et tr√®s agr√©able. Pr√©paration rapide, je recommande Perrine et Cl√©ment üëçüëçüëç Merci et √† bient√¥t",5
77,dominos pizza,Hyper d√©√ßue,Hyper d√©√ßuePizza sec et presque pas de condiments dessusPratiquement pas de cr√®meüò¨üò¨üò¨üò¢üò¢üò¢,1
78,dominos pizza,Commande faite en ligne mais l'heure en‚Ä¶,Commande faite en ligne mais l'heure en diff√©r√© n'a pas √©t√© prise en compte pendant la commande en ligne,1
79,dominos pizza,Publicit√© mensong√®re et voleurs..ils‚Ä¶,"Publicit√© mensong√®re et voleurs..ils pr√©tendent vendre la seconde pizza √† partir de 2.99 euros et quand tu prends celle √† partir de 2.99 euros sur internet, il y a un suppl√©ment de 2 euros sur la m√©dium, 4 euros sur celle au dessus et 6 euros encore sur celle au dessus.. autant dire d√®s le d√©but √† partir de 4.99 euros.. pareillement une autre fois la troisi√®me pizza √©tait gratuite.. j'ai retir√© les bord de pizza que j'ai assembl√©s et en fait la troisi√®me pizza n'√©tait qu'un cumul de cro√ªte car sur l'ensemble ils s'√©taient rentabilis√©s sur la garniture. Quand tu vois le prix d'une pizza √† minimum 14.99 euros ce qui en soit est cher en vue en plus de la qualit√©.. termin√© !",1
80,burger king,D√©√ßues !!!,D√©√ßues !!!!  Burger King Herblay Apr√®s plus de 30mn d‚Äôattente pour 2 menus whopper‚Ä¶ aucune excuse pour finir avec des whopper froid. Pfff,1
81,burger king,Insipide sandwichs sauces plates et sans aucun int√©r√™t espaces froids .,"Sandwichs d une platitude extr√™me. Ce qui rabaisse burger king ce n' est m√™me pas ses √©quipes sans cesse renouvel√©e ce qui dit beaucoup des conditions de travail et de management, c est la pauvret√© de leurs recettes ,de la sauce ,des burgers et tout √ßa a prix qui m ont m√™me fait rire tellement ils surestiment des mets plus que tr√®s moyens.",1
82,burger king,Probl√®me application constant,Impossible d‚Äôacc√©der au compte sur application. Essai au bout de 10x et redemande tjs de se connecter Impossible de joindre qui que ce soit pour r√©soudre le pbs le si√®ge en est inform√© mais n‚Äôa strictement rien √† faire ! Pour moi c‚Äôest tr√®s simple je ne perd plus mon temps et argent. Je ne mets plus mes pieds et suppression application.,1
83,burger king,Super bon,"Super bon, personnel tr√®s agr√©able rapide et propre",5
84,burger king,Burger King,"Burger King - Geispolsheim Vigie (R√©gion Grand-Est).Oublis fr√©quents des burgers pris en extra hors-menu lors de mon passage en voiture au drive √† emporter. Concr√®tement, plus de 30‚Ç¨ ""d'oublis"" sur un an.Certains employ√©s semblent agac√©s quand on leur pr√©cise que la nourriture est d√©j√† ti√®de voir manquante ? Je ne vais m√™me pas m'√©tendre sur l'irrespect et le manque de professionnalisme de certaines des employ√©Es.Au g√©n√©ral.J'en profite pour dire qu'il devient fatiguant de voir autant de Burger King et autres fast-food pousser √† chaque coin de rues dans les grandes villes et leurs agglom√©rations. Votre omnipr√©sence dans le paysage finit par √™tre tout aussi √† vomir que vos burgers et chili cheese froids.",1
85,burger king,Absolument Infecte,"Absolument infecte  et impoli dans la relation avec AUDREY du service conso qui n‚Äôa jamais donn√©e suite √† notre r√©clamation En effet mon mari et moi d√©cidons d‚Äôaller manger quelques chose de bon pour nous d√©tendre ce dimanche  .J‚Äôavais une bonne image de cette enseigne , mais plus maintenant totalement ex√©crable , nous nous sommes fait arnaquer .En effet nous allons donc au BURGER KING √† LA GARE DE L‚Äô EST . Nous commandons sur la borne 2 menus BIG KING  . Nous d√©cidons en attendant notre commande de patienter , le restaurant dans son ensemble n‚Äô√©tait pas propre , si j‚Äôavis su nous aurions du consulter les avis via Google, sans compter l‚Äô√©tat scandaleux de leurs WC . Un monsieur nous apporte nos menus au bout de 20 minutes , les burgers ne correspondait pas vraiment a la commande, de plus au toucher froid et insipide  sans compter le choc des frittes froide avec du fromage cheddar dessus la premi√®re fois que je vois cela !!! Finalement nous avons tous jeter en emportant notre boissons et nous avons bien manger dans un autre fast food du Secteur . J‚Äôai contacter le service consommateur j‚Äôai une une r√©ponse voir d‚Äôun copier coller d la part de AUDREY qui n‚Äôa m√™me pas eu la politesse de s‚Äô eXcuser et de nous apporter un geste commercial EN ME RAPPELANT , donc les avis converge vraiment . Je n‚Äôirais plus jamais et leur ferais pas de pub avec l‚Äô exp√©riences n√©gative  qu‚Äôils nous ont apport√©, Voil√† comment se faire carotter de 20.40 ‚Ç¨ A FUIR",1
86,burger king,Burger king d'Evry...,"Burger king d'Evry...Une cuisine √† la va vite qui d√©panne mais trop juste pour √™tre vraiment appr√©ci√©e, surtout quand on est en hiver et qu'on vous sert froid !! Bien d√©cevant sur ce point l√†, quand on souhaite avoir un repas chaud pour nous r√©chauffer ! Puis, en m√™me temps, c'est rarement super chaud, en plus du BK o√π il fait froid √©galement, ce qui n'arrange rien...! Du coup, pris notre commande dans un sac pour le manger chaud et √™tre au chaud chez soi.Beaucoup de tables non nettoy√©es aussi.",1
87,burger king,Jai pas aimerüôÑüôÑ,,1
88,burger king,Drive  r√©cup√©r√© il manque la moiti√©,,1
89,burger king,Je trouve que la qualit√© √† diminu√©‚Ä¶,Je trouve que la qualit√© √† diminu√© moins de sauce dans les hamburgers pain un peu sec dommage,3
90,burger king,La qualite n‚Äôest plus au rendez vous,Personnel agr√©able mais qualit√© sandwichs en forte r√©gression le pain est sec la sauce inexistante ou sont les sandwiches juteux qu‚Äôon aimait ?,4
91,burger king,Tr√®s bon excellent,,4
92,burger king,Commande annul√©,"Bonjours ,j'ai commande un menu bk xxl +120 points un sandwich le 31/12/2023 vers 22 h .Ma commande a √©t√© accept√© par le restaurant et assign√©e par un livreur puis annul√©e.mais j'ai pay√© 15.70‚Ç¨ qui n'a pas √©t√©  rembours√©e ni mes 120 points et j'ai compris que le restaurant de Nice M√©decin avait ferm√© √† 19 hN¬∞de commande :alirez-fb00r√©alis√©e le 31 d√©cembre 2023 √† 22h01apr√®s 10 jours j'ai √©t√© rembourser.merci pour le SAV",4
93,burger king,Application d√©faillante et relation client d√©plorable,"J'ai re√ßu un coupon utilisable le jour m√™me pour une valeur d'environ 6,50 euros sur l'application Burger King. Comme c'est malheureusement souvent le cas, le restaurant de l'enseigne √† Villiers-sur-Marne (94) n'√©tait pas en mesure de le prendre en compte pour des ""raisons techniques"" et le responsable a tr√®s s√®chement refus√© tout geste commercial. J'ai contact√© le service client√®le qui m'a g√©n√©reusement offert des points pour une valeur d'environ 2,50 euros en ne prenant aucun engagement d'am√©lioration quant aux probl√®mes rencontr√©s...",1
94,burger king,Restaurant Bagnols sur C√®ze m√©diocre‚Ä¶,"Restaurant Bagnols sur C√®ze m√©diocre sur tout les points.( Qualit√© , hygi√®ne, choix) 2 fois sur 3 il y a un souci dans la commande. Aucun geste commercial. Personnel irrespectueux et ne parlons pas du manager! Fermer ce restaurant au plus vite.",1
95,burger king,L'application est nulle,L'application est nulle et ne fonctionne pas toujours au moment de payer !!!!En caisse ils refusent malgr√© tout de aire profiter de l'offre ! Merci √† BK de v√©rifier leur appli (ce n'est pas la 1√®re fois que ca m'arrive),2
96,burger king,Commande internet d√©faillante,"A Auxerre Gambetta ma commande internet n'√©tait marqu√©e ni en pr√©paration ni pr√™te, au bout de 10 mn j'ai demand√© au comptoir, le sac y √©tait ! Du coup frites froides et glaces moiti√© fondues ... Et mes points non cr√©dit√©s ! Formez vos salari√©s !",2
97,burger king,Personnel tr√®s accueillant,"Personnel tr√®s accueillant , et pour moi qui est une maladie et que je n est pas le droit de manger du gluten , ils enleve le pain.",4
98,burger king,Sauces creamy ranch et 1954 grilled‚Ä¶,"Sauces creamy ranch et 1954 grilled flavor excelente, commande presque toujours respect√©. Service convenable",4
99,burger king,J'√©tais dans deux burger king qu'elle‚Ä¶,J'√©tais dans deux burger king qu'elle d√©ception celui de Marsac sur l'Isle la plus part des employ√©s n'ont aucun respect du clients et celui de Trelissac il y a jamais les 50cl en boissons et celui de Marsac pas de serviette il manquait les oignons dans le burger tr√®s d√©√ßus et certains serveurs n'ont aucun respect du clients il insulte et frites pas terribles,1
100,liv happyfood,Je reste mitig√©e sur l'efficacit√© de‚Ä¶,Je reste mitig√©e sur l'efficacit√© de ces produits car m√™me en respectant scrupuleusement le programme depuis plus de 2 mois je n'ai rien constat√© de concret.Je ne sais pas trop s'il faut conseiller car cel√† revient quand m√™me assez cher.,3
101,liv happyfood,J'ai connu ces produits suite √† une publicit√©,"Je connaissais ces produits que je cuisinais moi-m√™me et j'ai voulu essayer les plats cuisin√©s !!!!! √©norme d√©ception soit ils sont fades et caoutchouteux, soit trop √©pic√©s et ils emportent la bouche .je ne pense pas pouvoit terminer les 4 plats qui me restent....",2
102,liv happyfood,Parfait sur toute la ligne üòä,Une livraison rapide et des produits au top. Merci,5
103,liv happyfood,J'ai command√© les 3 plats qui sont‚Ä¶,"J'ai command√© les 3 plats qui sont arriv√©s tr√®s vite. J'ai beaucoup aim√© les spaghettis bolognaises, le curry coco n'est pas mal mais plus proche du go√ªt d'un plat pr√©par√© baqque. Je goute les lasagnes ce midi ;) mais je trouve le concept super :)",4
104,liv happyfood,J'aime les produits LIV sauf les lasagnes,"J'aime beaucoup les produits riz, spaghettis, noodles. Vivement qu'on les trouve vraiment en magasin (de toutes les enseignes cit√©es, je n'ai jamais trouv√© les produits LIV). Par contre je suis fort d√©√ßue des lasagnes que j'ai trouv√©s peu maniables, caoutchouc au point de ne pas avoir fini les plats pr√©par√©s (et l'agacement de devoir jeter les produits associ√©s).",4
105,liv happyfood,bonjour,"bonjour, je suis assez satisfaite du produit, surtout les noodles et les spaghettis. Par contre, je ne crois pas que je les fais bien cuire car la consistance n'est pas vraiment celle des vraies p√¢tes. Sinon, j'adore le c√¥t√© tr√®s rapide des recettes.",4
106,liv happyfood,D√©sol√© de n‚Äôavoir pas aim√©,D√©sol√© de n‚Äôavoir pas aim√©. Pas de go√ªt m√™me avec des sauces etc‚Ä¶Le produit n‚Äôabsorbe pas les sauces comme les pattes et le riz. Impression de manger du vent.,1
107,liv happyfood,bon et efficace,"J'utilise les plats cuisin√©s depuis des mois, environ 2 √† 3x par semaine...Super, je perds du poids sans avoir faim, mon estomac sleev√© est Happy, il n'y a que les aubergines dont je n'aime pas la texture (lasagnes un peu √©paisses √† mon go√ªt)... Une super alternative pour midi, o√π je suis toujours press√©e, et o√π g√©n√©ralement je d√©jeune mal !Merci !!!",5
108,liv happyfood,"Tres d√©cevant, texture tr√®s d√©sagr√©able","Tres d√©cevant J‚Äôai commander les spaghettis, les noodles et les plats pr√©par√©sLa texture des p√¢tes comme trop cuite et caoutchouteuse, √ßa s‚Äôapparente √† des algues ou du calamar mal cuit Les plats pr√©parer ne sont pas bon et tout revient super cher J‚Äôai command√© en ayant vu la vid√©o de Mercotte qui dit qu‚Äôon dirait vraiment des p√¢tes‚Ä¶ c‚Äôest une foutaise Je n‚Äôen reviens pas qu‚Äôelle ai particip√© √† cette pub Gros gaspillage d‚Äôargents sur ce coup",1
109,liv happyfood,1 plat sur 3 est bon,"Les spaghettis sont juste incroyable, par contre lasagne veggi et curry coco sont tr√®s difficiles au go√ªt. Je ne pense pas √™tre difficile j‚Äôai mang√© un tas de plat perte de poids pas terrible mais la ‚Ä¶ faut le vouloir c‚Äôest dommage. Je respect scrupuleusement j‚Äôai pas perdu mais d√©gonfl√©e.",4
110,liv happyfood,En un mois ‚Ä¶,"En un mois et apr√®s un changement drastique dans la fa√ßon de me nourrir gr√¢ce √† L√Øv, j‚Äôai perdu 2.5 kgs. Une prise de sang, dont les r√©sultats re√ßus hier m‚Äôont r√©confort√©e, et qui donnent raison √† mon choix : avec L√Øv aucune sensation de faim et un meilleur tonus ‚Ä¶",5
111,liv happyfood,Ma balance est tr√®s contente !,"Tr√®s satisfaite de ces produits, avec un b√©mol pour les lasagnes, esth√©tiquement peu convaincantes). J'en ai m√™me offert un paquet au m√©decin nutritionniste qui me suit : elle √©tait tr√®s surprise et ravie de constater ma perte de 3,4kg en un mois (√† raison d'une portion chaque soir) !",5
112,liv happyfood,Gourmand et di√©t√©tique,Belle d√©couverte que la gamme liv konjac. En effet cela permet de r√©aliser des plats go√ªteux rassasiant et ma√Ætriser son apport calorique. De plus c‚Äôest facile et rapide!!! Que demander de plus,5
113,liv happyfood,Extr√™mement cher passer,"Bonjour Tr√®s d√©√ßu de cette exp√©rience avec liv happy good.... Car ils vendent ces p√¢tes au konjac extr√™mement cher a savoir un rapport de 4 fois plus cher que cher action , m√™me produit , m√™me quantit√©, m√™me packaging.... Je suis d√©go√ªt√©e par cet soci√©t√©.....passez votre chemin",1
114,liv happyfood,Tr√®s bons produits !,Tr√®s bons produits !! Deuxi√®me commande et je recommanderais !,5
115,liv happyfood,Nous aimons beaucoup,"Nous aimons beaucoup, la preuve en est que nous commandons et recommandons encore‚Ä¶√† part les lasagnes dont nous trouvons la pr√©sentation peu attractive et peu app√©tissante. Dommage car c‚Äôest tr√®s bon. A quand d‚Äôautres plats?",4
116,liv happyfood,Decu tr√®s bof,Je ne m'attendais pas √† d√©guster de vrais p√¢tes ou du riz tel qu'on le connais mais difficile de parler de se r√©galer.. c'est assez cher et il faut vraiment un app√©tit de moineau pour se rassasier..peu calorique certes mais si on compte tout ce que l'on rajoute pour que se soit mangeable sauce pesto fromage ect on d√©passe vite le c√¥t√© r√©gime tant vant√©..les produits sont gluante et l'odeur bof pas tr√®s agr√©able..les portions tr√®s petites et si on rajoute pas de sauce et autre c'est fade et vraiment pas bon..le pouvoir rassasiant est encore a prouver..tr√®s d√©√ßue car √† en croire la publicit√© sur le site on d√©guste de vrais spaghettis je vous assure on en est tr√®s loin..bref je ne recommande pas il vaut mieux manger des p√¢tes ou riz complet et moins souvent mais ce nest pas avec ce produit que vous allez vous r√©galer,2
117,liv happyfood,J‚Äôadore,"J‚Äôadore , je commande r√©guli√®rement je ne peux plus m‚Äôen passer!",5
118,liv happyfood,D√©√ßue... Cher pour ce que c'est...,"Livr√©e tr√®s rapidement certesmais tr√®s d√©√ßue de la quantit√© dans les paquets, c'est tr√®s cher pour ce que c'est... La texture n'est vraiment pas top, le go√ªt pas top non plus...Je pense ne pas recommander une deuxi√®me fois...",2
119,liv happyfood,Tr√®s contente des produits,"Tr√®s contente des produits, envoi rapide et site de confiance.",5
120,entrepot italien,Super tr√®s sympa au top,,5
121,entrepot italien,Magasin au top pour les produits italiens de qualit√©,"Toujours au top et personnes charmantes, aimables et toujours pr√®s de leurs clients pour les servir et pr√©senter leurs nouveaux produits. Continuez ainsi.",5
122,entrepot italien,Toujours aussi gentil,"Toujours aussi gentil, toujours de tr√®s bons produits, je recommande fortement",5
123,entrepot italien,Bonne burrata üëåüòã,,5
124,entrepot italien,Tres Bon produits,"Tr√®s bon accueil, produits au top : excellente adresse ! √Ä recommander √† tous les amateurs de bonnes choses.",5
125,entrepot italien,L'accueil est chaleureux et gourmand,L'accueil est chaleureux et gourmand. Les produits sont d√©licieux et on peut go√ªter avant d'acheter. Un vrai r√©gal,5
126,entrepot italien,livraison rapide,"livraison rapide, bonne communication et relation client au top",4
127,entrepot italien,Bon accueil et comp√©tences,,4
128,entrepot italien,produits excellents,,5
129,entrepot italien,Accueil super sympa et tr√®s bon‚Ä¶,Accueil super sympa et tr√®s bon produits!,5
130,entrepot italien,Allez-y ! Super accueil !,Produits superbes! Fromages exquis! Et pain sarde qui vous fait voyager en Sardaigne ! On a envie d‚Äôacheter toute la boutique . Avec en plus de tout √ßa un jeune patron qui vous accueille avec un buongiorno qui fait chaud au c≈ìur et qui vous conseille tr√®s finement !,5
131,entrepot italien,Au top,"Toujours aussi bon, avec un bon rapport qualit√© prix, et surtout un tr√®s bon accueil !",5
132,entrepot italien,Le service client est tr√®s r√©actif pour‚Ä¶,Le service client est tr√®s r√©actif pour donner satisfaction,5
133,entrepot italien,Service excellent.,"Service excellent, rapport qualit√© prix parfait, je classe ce magasin dans le bien-√™tre",5
134,entrepot italien,Rapidit√© professionnalisme,Rapidit√© professionnalisme Je recommande,5
135,entrepot italien,Bons produits bon accueil,,4
136,entrepot italien,Tr√®s bons produits,"Tr√®s bons produits, tr√®s bons conseils et tr√®s sympathiques... Tutto a posto! Grazie !",5
137,entrepot italien,Super communication,"Super communication, tr√®s commercial et pr√©venant Je repasserai commande sans h√©sitation Je recommande cet entreprise Merciiii",5
138,entrepot italien,Partiellement d√©√ßu,"J'ai l'habitude de commander mes produits directement en Italie et j'ai d√©couvert incidemment cet entrep√¥t en France. J'avoue que finalement, ce sera une exp√©rience unique, produits nettement plus chers pour une qualit√© similaire. Juste une grosse d√©ception avec le panforte qui malgr√© de bons ingr√©dients reste un √©touffe chr√©tien.",3
139,entrepot italien,Super accueil,Super accueil ! Des professionnels √† notre √©coute et √† notre service !,5
140,hello fresh,M√©contentement,"Cela fait plus d' an et demi que je suis cliente et ces derniers temps je me suis aper√ßue que la quantit√© des repas a baiss√©, je prends des repas pour 4 personnes et souvent il y en a tout juste pour 3 personnes alors que je ne rencontrais pas ce probl√®me auparavant. Et beaucoup trop de repas o√π il faut rajouter un surplus sur le co√ªt de la commande du coup √ßa laisse tr√®s peu de choix parmi les autres menus. Je mets davantage du coup mon abonnement en pause et je r√©fl√©chis sinc√®rement √† une autre alternative.",3
141,hello fresh,Repas simple √† faire,Repas simple √† faire. En 30 voir 45min. Bon produits. Repas qui change de se que l'on peux faire au quotidien. Tr√®s bon.,4
142,hello fresh,"Bonjour, voici un petit retour de ma petite exp√©rience","Bonjour, cela fait quelques mois que j'utilise vos services. Je suis dans l'ensemble tr√®s satisfait. Les plats sont tr√®s bons, je n'ai jamais √©t√© d√©√ßu. Les recettes sont tr√®s biens expliqu√©es et faciles √† suivre. Le seul reproche que je pourrai faire concernant les plats, c'est que parfois les quantit√©s de viandes/ poissons sont assez maigres. Pour moi le point essentiel sur lequel il y a des progr√®s √† faire, c'est la livraison. J'ai eu beaucoup de probl√®mes √† ce niveau. On ne sait pas tous le temps quand la livraison va avoir lieu. Des fois on est inform√©s, d'autres fois non. Je suis cens√© √™tre livr√© le samedi matin. Plusieurs fois j'ai du attendre le lundi pour la recevoir. Or le lundi nous travaillons ce qui pose un gros soucis. Pour etre honn√™te je pense arr√™ter vos services bien que je suis tr√®s  satisfait de la qualit√© de vos plats mais la livraison sur laquelle vous n'√™tes certainement pas responsable, je parle de Chronofresh, rend le service moyennement fiable compte tenu de la valeur du colis livr√©.",3
143,hello fresh,Nouveau go√ªt,"Nouveau go√ªt, recettes faciles.",5
144,hello fresh,De bonnes recettes,"De bonnes recettes, frais et vari√©s, des produits de qualit√©.Dommage juste de ne pas recevoir les alertes de commande avant cl√¥ture √† la semaine, ( peut √™tre cela existe d√©j√†,). Je vais continuer de cuisiner hello fresh j'adore cuisiner, cela m'aide vraiment √† moins chercher ne plus aller au magasin et me sortir avec des grosses factures.",5
145,hello fresh,Belle d√©couverte,J‚Äôai d√©couvert HelloFresh il y a 2mois et j‚Äôen suis tr√®s satisfaite ! Tout est bien frais et quand il y a le moindre soucis le SAV est tr√®s r√©actif.,5
146,hello fresh,Communication,Aucun mail ni message concernant ma livraison  du jour.Je viens de d√©couvrir  que ma livraison s effectuera lundi matin alors qu il n y aura personne pour la r√©cup√©rer. Merci.,2
147,hello fresh,Plats go√ªteux et √©quilibr√©s,"Plats go√ªteux et √©quilibr√©s. Quantit√© copieuse des accompagnements.Manque un peu de vari√©t√© des poissons, et viandes.",4
148,hello fresh,Simple,"Simple, rapide et efficace,tout ce que je demande en cuisine",5
149,hello fresh,Je suis tr√®s dessus de ma premi√®re‚Ä¶,"Je suis tr√®s dessus de ma premi√®re commande. J'ai command√© sur une offre o√π le petit d√©jeuner est offert √† vie et que ne fu ma surprise de constater qu'il n'y avais pas de petit d√©jeuner dans la commande...Publicit√© mensong√®re...? Sinon tout ma lair bon dans la commende, les fiches repas me semble tr√®s bien d√©taill√©es, les produit on lair de qualit√©..., mais je ne sais pas si je vais continuer de command√© car je n'aime pas faire √©voluer une entreprise malhonn√™te...",2
150,hello fresh,Tr√®s bonne,Bon produits les recettes sont go√ªteuses et change l ¬¥ordinaire,5
151,hello fresh,Livraison impeccable √† la date cha√Æne du‚Ä¶,Livraison impeccable √† la date pr√©vue cha√Æne du froid respect√© recettes faciles √† r√©aliser et tr√®s vari√©es au choix de chacun plus de temps pour √©laborer nos repas,5
152,hello fresh,Je n'ai jamais re√ßu ma premi√®re box.,"Je n'ai jamais re√ßu ma premi√®re box.Le service de livraison est nul et ni chronofresh, ni hellofresh ne propose de solution.",1
153,hello fresh,Ne plus chercher quoi cuisiner,Ne plus chercher quoi cuisiner Avoir des produits frais et en bonne quantit√©,4
154,hello fresh,Erreur de menus,"Cela fait plusieurs fois que je ne suis pas livr√©e les menus command√©s, ce que je re√ßois ne correspond pas √† ce que j'ai choisi au pr√©alable.",2
155,hello fresh,Exp√©rience r√©ussie,"Tr√®s bonne exp√©rience apr√®s trois semaines d'essai ! Recettes vari√©es et tr√®s gourmandes, cuisiner n'a jamais √©t√© aussi simple pour nous.",5
156,hello fresh,Prestation g√©n√©rale,"Recette : de mani√®re g√©n√©rale, les recettes avec fromages fondus (exemple st-nectaire) m√©riteraient une quantit√© un peu plus importante de fromage.Ingr√©dients : re√ßu plusieurs fois des produits non utilisables (avocat pas m√ªr m√™me apr√®s 1h au four, 2 oignons pourris / gel√©s sur 2 commandes diff√©rentes, √©pices manquantes), une attention plus importante devrait √™tre faite sur ce point.Choix des recettes : pas assez de poisson au globalRecette papier : OKPackaging et livraison : OK",4
157,hello fresh,Tr√®s bon concept,"Les recettes sont faciles √† r√©aliser, tr√®s bonnes, elles ont plu √† toute la famille.Tr√®s bon concept, nous recevons tout les ingr√©dients pour r√©aliser toutes les recettes de la semaine.",5
158,hello fresh,Savoureux et vari√©,"Savoureux, vari√©, √©quilibr√©, pratique,  nous sommes ravis de l‚Äôexp√©rience Hello Fresh. Les fiches recettes sont tr√®s bien faites et tout est bien pens√©. l‚Äôapplication est ludique et didactique, bref, rien √† redire.",5
159,hello fresh,Les recettes sont tr√®s bien calcul√©es‚Ä¶,"Les recettes sont tr√®s bien calcul√©es et expliqu√©es. Elles correspondent √†  ce que nous souhaitons.Petit b√©mol, depuis quelques box, les l√©gumes verts sont fanes et oas tr√®s frais.",5
160,cheef,R√©ponse au 1er retour,"Bonjour, je remets un avis compte tenu que je suis dans l'incapacit√© de r√©pondre au retour fais sur le pr√©c√©dent. Concernant le suivi di√©t√©tique,  en effet il est notifi√© quelque part sur votre site que c'est √† moi de prendre RDV pas en gras je souhaite quand m√™me le souligner, et je ne l'ai pas fait.Concernant le choix de plats, vous avez oubli√© de noter que j'avais bien s√©lectionner les plats, mais que cela n'a pas √©t√© pris en compte. Par contre depuis en effet ma s√©lection et bien celle que je re√ßois.Pour la livraison, le suivi Chronoposte ne se fait pas la veille mais le matin m√™me,  donc si on a pas les yeux constamment sur son portable, impossible de d√©caler la livraison. D'ailleurs hier vendredi j'ai demand√© le d√©calage,  et l√† surprise je vois que la livraison est pr√©vue pour lundi. Sachant que je ne l'ai sus uniquement suite √† la non livraison de mon colis ce matin et que j'ai du retrouver le suivi pour savoir ou √©tait mon colis. Premi√®rement je ne suis pas l√† lundi donc impossible de r√©ceptionner le colis et je m'inqui√®te vraiment de l'√©tat.J'ai pris la d√©cision de faire semaine apr√®s semaine afin d'avoir des plats frais, mais l√† jele regrette.Par contre j'ai bien √©t√© d√©bit√© du montant de la semaine, aucun soucis de ce c√¥t√© l√†.  Tr√®s bonne gestion.Il me reste 2 semaines de plats, que je n'ai d'autre choix que d'accepter compte tenu que vous vous payez automatiquement, sans m√™me la validation de la transaction sur ma CB. Vous pr√¥nez la fra√Æcheur avec vos plats traiteur, mais pour ma commande de ce jour, d√©part de vos locaux le jeudi, r√©ception je ne sais quand car lundi je ne suis pas dispo... ou est la fra√Æcheur.  105‚Ç¨ la semaine . .",1
161,cheef,Que du bonheur avec Manon,"Bonjour, Depuis le mois de septembre que j'ai commenc√© j'ai eu une premi√®re di√©t√©ticienne qui √©tait top, ensuite est arriv√© Manon qui poursuit avec grande distinction le bien √™tre du client. Je suis vraiment enchant√©e de l'attention qu'elle me porte ainsi que de l'ensemble des conseils toujours tr√®s judicieux re√ßu. Manon a un don, une passion de notre bien √™tre. Grand merci √† elle. De la part de Sandrine, une cliente heureuse.",5
162,cheef,Perte de poids assur√©e,Lorsque j'ai effectu√© ma commande et que j'ai re√ßu mon 1er colis j'√©tais tr√®s impatiente.  J'ai commenc√© en juillet 2024 et nous sommes en janvier et j'ai perdu 11kgs. J'ai encorec10 kg √† perdre mais malheureusement je n'ai pas le budget pour continuer. Les repas √©taient bons mais je suis d√©√ßue de ne pas avoir eu de desserts. 2 encas pour moi √©taient de trop par contre.,5
163,cheef,Idem,"Ras, je n‚Äôai rien √† ajouter",4
164,cheef,Objectif atteint,Objectif atteint en deux mois et demi sans perdre le plaisir de manger.Merci √† toute l‚Äô√©quipe et √† Kelly pour ces pr√©cieux et avis√©s conseils,5
165,cheef,Tr√®s bien accompagn√©e par les‚Ä¶,Tr√®s bien accompagn√©e par les di√©t√©ticiennes. Plats traiteurs vari√©s et savoureux.,5
166,cheef,"De bon repas, et un tr√®s bon suivi",Voil√† bient√¥t 2 mois que j‚Äôai commenc√© le programme et j‚Äôen suis enti√®rement satisfait !,5
167,cheef,Super contente,"Tr√®s bonne exp√©rience J'ai perdu moins que ce que je voulais mais je me suis bien affin√©e et j'ai perdu 4kg quand m√™me en 2 mois et demi.Kelly est top √† l'√©coute, souriante, sais tr√®s bien expliqu√© le programme Je recommande",5
168,cheef,Je d√©bute le programme,"Je d√©bute le programme et je suis tr√®s satisfaite de la perte de poids associ√©e. En terme de quantit√©, les plats sont suffisants. Je ne mets pas 5 √©toiles car j'ai, cependant, un peu de mal √† m'habituer aux plats ""en sauce"" de la formule classique, de ce fait je pense peut-√™tre basculer sur la formule traiteur. Je tiens √† mentionner la di√©t√©ticienne qui assure mon suivi, Fabienne, avec qui j'ai eu 2 rdv t√©l√©phoniques. Elle a beaucoup de connaissances, c'est un vrai plaisir d'√©changer avec elle.",4
169,cheef,Tr√®s bon contacts avec l'√©quipe,Tr√®s bon contact avec la di√©t√©ticienne. L'√©quipe est tr√®s pr√©sente pour aider √† tous les niveaux. Programme facile √† suivre.,5
170,cheef,Surpris par la saveur des plats,"Je suis agr√©ablement surpris par la saveur des plats que j'ai re√ßu pour ce premier mois. Les plats propos√©s sont tr√®s vari√©s. Pour ces deux premi√®res semaines, je suis tr√®s satisfait de ma perte de poids, plus de 5 kg! De plus, Manon, la di√©t√©ticienne qui me suit, m'a donn√© de pr√©cieux conseils. Un peu de volont√©, surtout les premiers jours, mais je pense que c'est √† la port√©e de tout le monde.",5
171,cheef,Tr√®s bonne experience,"Tr√®s bonne exp√©rience depuis que j'ai commenc√©. Repas √©quilibr√©s bons au go√ªt. Mon poids diminue  progressivement, ce qui me convient. Ma di√©t√©ticienne Manon me propose un suivi attentif, amical et rigoureux. C'est une aide importante de se sentir bien accompagn√© sur le long terme.",5
172,cheef,Mon exp√©rience Cheef,"Je suis tr√®s satisfaite de mon exp√©rience avec le programme Cheef. Les plats sont go√ªteux et j'appr√©cie le large choix propos√©. Mes rendez-vous r√©guliers avec Manon sont l'occasion de faire le point sur le programme et de l'adapter si besoin. Le contact est excellent et ses conseils sont tr√®s pr√©cieux pour moi. En r√©sum√©, je recommande sans r√©serve.",5
173,cheef,Tr√®s bonne exp√©rience,"Tr√®s bonne exp√©rience, les plats sont bons et le suivi par une di√©t√©ticienne est tr√®s appr√©ciable, pas de jugement ni d'obligation que des recommandations. Les s√©ances de sport sont super pour ce programme. Un peu compliqu√© par contre √† suivre certains cours, les coachs sont a chaque fois diff√©rents et du coup le niveau de difficult√© n'est pas le m√™me donc un peu difficile √† suivre. Le service client est tr√®s √† l'√©coute et r√©actif, j'ai eu un soucis avec un plat et √ßa √©t√© tout de suite trait√© ! Super cool ! Pas eu besoin d'attendre trois plombes ou de r√¢ler ü§£. Je suis tr√®s contente de mettre lanc√©.",4
174,cheef,Fid√©lit√© et confiance,"Je commence mon 4√®me programme Cheef en 4 ans avec confiance et enthousiasme. Les 3 pr√©c√©dents ont toujours fonctionn√© malheureusement une vie professionnelle entra√Ænant des perturbations importantes dans la gestion du sommeil et de l'alimentation associ√©e √† des probl√®mes chirurgicaux sev√®res ont entra√Æn√© une reprise de.poids insidieuse. Alors je red√©marre un nouveau programme confiant dans les r√©sultats escompt√©s. Le programme est efficace agr√©able et vari√©, facile √† mettre en oeuvre. Et l'accompagnement personnalis√© par Fabienne ma di√©t√©ticienne est la cl√© de la r√©ussite. En effet je souligne sa gentillesse et sa disponibilit√©, sa comp√©tence et son sens de l'adaptation du r√©gime aux situations complexes, ses conseils pr√©cieux dans le domaine des compl√©ments alimentaires et des micronutriments, sa compr√©hension et ses talents en psychologie qui m'ont toujours soutenu dans les moments difficiles, sa patience er sa pers√©v√©rance malgr√© les nombreuses difficult√©s sui auraient pu √™tre cause d'zbandon du programme. Merci Fabienne merci Cheef. Luc",5
175,cheef,J'ai perdu 9 kg avec Cheef traiteur !,J'ai perdu 9 kg avec Cheef traiteur aux plats tr√®s vari√©s et gr√¢ce √† l'accompagnement de ma di√©t√©ticienne tr√®s professionnelle er tr√®s efficace pleines d'astuces et ce en 4 mois !!!,5
176,cheef,Compl√®tement satisfaite,J'ai le plaisir et la chance d'√™tre conseill√©e par Fabienne. J'ai un excellent contact avec elle. Je suis vraiment satisfaite de ses conseils.CordialementClaire,5
177,cheef,Tr√®s satisfaite,"Tr√®s satisfaite. Les plats sont vari√©s et d√©licieux. La possibilit√© de changer les menus √©tablis ainsi que les dates et lieux de livraisons est appreciable. Les portions sont g√©n√©reuses je n'ai pas la sensation de faim. Le rdv tous les 15 jours avec la di√©t√©ticienne est important pour le suivi, les conseils et les encouragements. Je recommande",5
178,cheef,tres bien mais il y a certain plat c‚Ä¶,tres bien mais il y a certain plat c est en bouilli,4
179,cheef,J'ai perdu 1kg en une semaine,J'ai perdu 1kg en une semaine. C'est tr√®s satisfaisant,5
